타이틀,링크,회사이름,회사위치
Software Engineer - BCG X,/pagead/clk?mo=r&ad=-6NYlbfkN0Ad1FFWZOsBBwBZDGouyCcICeLSd3pQct3wJ1q5dPO7JG9bUep5oaAbSM6zROj67rzkp6f1nWtS9gd6NVAEyiRUQPQsr_2td0j1J46quCUS_scsi9yVh5tQyO3LRAgF_2JB5cumwnMo8SyYyBmLqxkLACoHyW8HHr5HDjMu1yrVZ9opgq9emLn0L4FRsQcAKMpmZK_54hsSan2OBn6CsCtm_iXAGjRbBoCjFZeYGZKbpJARaX9LFB7LIPOIXj2TzUk1x7LEHXD2f4fndn-P_kPVQk0fkcqIgAlR-36EP8CTibAhOwtpxsLoCnkcyPamCbNSWh2rYetj5ZNscwGLneRV5RI1rSfn2sR8NyZ9TTFMkZS6jMPF4HlxJJunTY2UI_ra4liVkefT0TjWBZnk0b-n3zwpxfJmS5_-zpHkSXeOAwi9vDV3_WIq7ieuXPWxkpVANcoSSnMptCxJsVoRThcWVSS4xpQzy7_jy1Zh1EWZm4Crrgpc-kkUlrPk7hioW4O4LKR4v_iFD7IPLEZviV3tFaxhj4M9iXV_6XN2blIP8_3PGbwvSPrFlgZmkAnK7Zz8LiiyTFmAdX6dgEcoxn1bbG6LwEaC_CkyDZCBVFr5XbOm6J0RMniQ32k_u60iuiIgy0LOOKz3h5lKh_jWdHLCP9IXovef7YFvw4SnFw4rQZ9k4DrZj5UERJvuzbSuhSOwzgQzsvOzARI3zfz3HTSiBPfrsRqdg20K01UgeFg515QjvsAD5PvspQ5QhUCwaU6PIlnJA9jxF3MSLfDYVG_VLMCNQhMCMoP73RgBn07yVzCx49f1kJ1INXVannen-E8B2SNzjMNsA3rl6X2hL0NMHLIr46OHTPw02wZEqz5vIC68h7XtvOxoyIni3IquLBs27tnCRPD7_ph523unomaDatBXY7chsaxCeBG5hB-UowfJOYVF2_8VRabJQoRnHAl8K1gmxf8qv1EVD4jYilPga5h74m0ty-rRtpiJbV3lOkCJonZSMHMkSHpO6hNHYQ0fHuXIhgwOyrMIQ9zmEHxe8Q9i4xB2c5p4hLxMLuDqGLGjYVMZak7014OIi7goYCxH9kZR7MxXhkUFzT7Dn5xkVLiaThgyUIfu2ZJZ7HvffckeY7wvZ_OrenuAEwjIEhqnH9E3EOpujtgb5J4s9Hn5k2o-Y3UwCPGo2QJ0ypq9O-de6O-oq3OiDrdxY8PMu29aDIOOAsMeLDXjH9T5lCOdeORvnkoHD5nHKoqKDroDT2deXgZaRY72U0Ic53BdqjNgRhyF1FgXttTvD_EYngJrVuU-mIGFjT-ADexgrG_jMA==&xkcb=SoD1-_M3JrcGygzk9B0LbzkdCdPP&p=0&fvj=0&vjs=3,Boston Consulting Group,서울
Data Scientist - BCG X,/pagead/clk?mo=r&ad=-6NYlbfkN0Ad1FFWZOsBBwBZDGouyCcICeLSd3pQct3wJ1q5dPO7JG9bUep5oaAbSM6zROj67rzkp6f1nWtS9idIpSNrYFbYqhKMoCheJEkeAjOhkGt83U7AAH9O830TXzaWXBdSJl95bn7dxZLsRge3ZU-TUz69OkbFTyO_M12CQHOz6o66t2O6XNii2iGKp1xeeGJxnjRTWh_dYkt0uvX-JmDMAnlrhvS43ps8s28ZPV6yTm3ISaUzUU_inZ4bETVOLE_Q6o5SAifmZEciy5wY0KTVuVfe9pX5rSjMXE9NfMmec9k4f4s3hrk33T5jhhhQD1shU8h_Ht_U5W73VzlIv5gN_brKOWJuf-mcsPXRw2cdIhGQ-tMBhkvA0ujcKSf2vuOSxj32NoZHRWnwSYXvgrBY0SIb_tp4pFTyAOS89Z9HAxDrUeeLqDe1v2axc-F0RHop3UZJwYMqmOO1zUigRCLwCYACqx9-MlGzGbRrElBJxlfXJzcpwrTKQ2aqrsb4ZzbDlKxkjdNCd_qZCl-632u9qHJ7ydSaDWm13EOzDsSapKveT0vC-BSoekXlU-aH-luOf-cITmEDmFew8pV8AfCsRqEg1oNhT38tZeVuApu3WfibWBzFkVOfTwc2xwfXMJdNI1o-ppByDxiTyQLZ6f9h49NHYXfgo5wdjf6uVxXxjYdWU9yb0z614pk1HK1Sym3FvjKe-dfEDHgS_j-e7ytBnenLE4ugDbDFpsceIItHLgIZ6k_BriboWME-4-0Y1EO0VdSM-NR_TWH6ZRdlhvT0nFTJdHr5ew9BP1M9oNXyfe-QfQ0RUbPg9gLir1ceuYSCSqYOhYwc-i_rlFFkfbN_nlXYnOqX4rVkPo1cIdk9mEiWccH29Y-u7XaMvY-GScfvDvrsfWxfxHahfCS1rhFSaAr1uPrNEXCJLfpKTAXccjHRsYqKbmDnvPkZDcFPbQ8EYz0zx6rugccicTj9ShfPrdBgQ5ktpfw1BVfJ6ejuzXkz-jI_ODRFqxuUmVpopwj_oaTIm2Rj4ro3QXiNmYzCQdr2bcz9SZw4ofm5AzlbmWfwnFZk6GEoG-_vYHBlXleU6QG_TxsLmyq3leKDbxnZCKyF3zSD5YVMG3ADeT5ksvB-mK5k8SvBzvSP1y3WAq85Y_nw7pTlmow3jatCbfqhcnYoLhrIXpE_s-KTkrATRfMQ_q0H2BZc_jsi4GFQ-V9lmSjlUG6DcXD_uLBbte0oy2z0r1ePnKwSSIRA7qD0RAv-ZBNRfMQntU-Kh5pNNoBlYudz6kyQHeYBv8iXRdnEaisiG7Pj2L77V79CX6awEPTItA==&xkcb=SoBB-_M3JrcGygzk9B0KbzkdCdPP&p=1&fvj=0&vjs=3,Boston Consulting Group,서울
Deep Learning Researcher (Intern),/rc/clk?jk=701e887d6f3eb831&fccid=d40ebe11fc879426&vjs=3,Qualcomm,서울
파이썬(python) 백엔드 개발자,/rc/clk?jk=7e8499c0e2fe4afb&fccid=660bbb21789ab63d&vjs=3,아토머스,서울 강남구
Business Intelligence Analyst Seoul Korea,/rc/clk?jk=4b3dfd13c88992b8&fccid=86e9be6ce380173e&vjs=3,Tesla,서울 강남구
데이터 분석가 (경력/신입),/rc/clk?jk=9a2300bee65d75e4&fccid=235f65bfc26a933c&vjs=3,오버노드,성남 분당구
백엔드 엔지니어 (Python) 정규직,/rc/clk?jk=79d696388d32d3ff&fccid=dd6f5fd8e8c02e7e&vjs=3,데이터비,서울 마포구
Python Engineer (Top Secret Clearance),/rc/clk?jk=7e91108c3aa82d7d&fccid=a9ac37d9721dd9ff&vjs=3,Better Talent Advisors,경기도 평택+1 location
백엔드 엔지니어 - Python / Django / AWS,/rc/clk?jk=726438de0757a420&fccid=f6e11646ad07e7de&vjs=3,버핏서울,서울 강남구
비전인식 Python 외 경력,/rc/clk?jk=9c9ff1f634b43831&fccid=2d777ccbd7a449c1&vjs=3,넥스트커리어,성남 수정구
[웨이브릿지] IT 개발자 전문연구요원,/rc/clk?jk=15beb0476f702d55&fccid=ec1b6a3ffad8f995&vjs=3,웨이브릿지,서울 영등포구
[국비무료/미취업]2023년 이공계 여성 챗GPT 프롬프트와 AI리터러시 교육생,/rc/clk?jk=3afa7f601f482242&fccid=22c29a6a960a71a4&vjs=3,한국여성공학기술인협회,서울 강남구
Python 인공지능(AI) 외 신입/경력,/rc/clk?jk=b7fad584859458e4&fccid=8da9b3751cf2e16c&vjs=3,사회정보연구원,서울 은평구
SW engineer intern,/rc/clk?jk=fae25ef1694390dc&fccid=936367796261bd6e&vjs=3,INTEL,서울
B2C 백엔드 엔지니어(Python) - 크레딧플래닛,/rc/clk?jk=0c5d87bd895ed6f4&fccid=10d9fdf90a5a21a4&vjs=3,피플펀드컴퍼니,서울 서초구
Python(Django) 개발자 (5년 이상),/rc/clk?jk=bbe8f11ac0191543&fccid=f7418ec5d47158aa&vjs=3,아테나스랩,서울 마포구
2023 Student Training in Engineering Program (STEP) People with Disabilities (장애인 채용),/rc/clk?jk=5d24a062cabc9f0d&fccid=a5b4499d9e91a5c6&vjs=3,Google,서울
Python Backend Server Application 개발 경력직,/rc/clk?jk=fc52ac172974bdd5&fccid=ceaba15614996767&vjs=3,알스퀘어부동산중개법인,서울 강남구
[kt그룹] 2023년 kt MOS북부 신입사원,/rc/clk?jk=5e177f85b8eb15dd&fccid=9fb029258096d8f5&vjs=3,케이티엠오에스북부,서울
SI증권 신규직원 (관리직 - IT),/rc/clk?jk=6f6386fd8a1042c1&fccid=2cd854bb1bdd4128&vjs=3,에스아이증권,서울 영등포구
Business Analyst,/rc/clk?jk=c4a181675d3d33bc&fccid=8b6179f73c3ea438&vjs=3,이제이엔,서울 강남구
Back end Developer (Python),/rc/clk?jk=ef8a1311d2943438&fccid=25a5f8f961de7852&vjs=3,인라이플,서울 구로구
AI 연구개발(Python 능숙자),/rc/clk?jk=3c5ebb151d20d3a1&fccid=f3fcdbdd85f462a6&vjs=3,비아이매트릭스,서울 강남구
Product Packaging Engineer,/rc/clk?jk=f9471869e3dcfd01&fccid=936367796261bd6e&vjs=3,INTEL,서울
백엔드 개발자(인턴십),/rc/clk?jk=b7223c792bfcbcd4&fccid=5013eca338141e7d&vjs=3,액스,서울 서초구
[대형저축은행] 디지털금융빅데이터 담당,/rc/clk?jk=0f633b4d2ff27fd8&fccid=a65512d1366ce5eb&vjs=3,피플뱅크코리아,서울
Intern - Virtual Motion,/rc/clk?jk=f52bfe272f061899&fccid=95f8f553c04ed01c&vjs=3,Ansys,서울
백엔드 엔지니어(Python Kotlin),/rc/clk?jk=de971153b858cd47&fccid=10d9fdf90a5a21a4&vjs=3,피플펀드컴퍼니,서울 서초구
딥러닝 AI 개발 연구원,/rc/clk?jk=87309d3ff40ead61&fccid=ce871e9e4a9f430a&vjs=3,베이리스,성남 수정구
기술 인턴 인공지능 응용 연구/개발 인턴,/rc/clk?jk=71c47ac87bb4087e&fccid=230e414668234579&vjs=3,써로마인드로보틱스,서울 관악구
2023 Software Engineering Intern People with Disabilities (장애인 채용),/rc/clk?jk=ed7b7e6eb72ffab8&fccid=a5b4499d9e91a5c6&vjs=3,Google,서울
[정규직/MDS테크] 비전 영상처리 프로그램 개발,/rc/clk?jk=1f9066aed0b5b35b&fccid=319d0afffcd7f680&vjs=3,엠디에스테크,성남 분당구
Python 웹 프론트엔드 개발자,/rc/clk?jk=c032ab3a30477195&fccid=ced6b7776d793edd&vjs=3,모멘텀HR,서울 성동구
ChatBot 개발 및 자연어 인공지능 무료교육,/rc/clk?jk=acd1333ab1003de2&fccid=21e7cb4036a655e0&vjs=3,한국정보기술서비스산업협회,서울
파이썬(python) 백엔드 개발자(전문연구요원),/rc/clk?jk=c3ea7ef913ec52d2&fccid=660bbb21789ab63d&vjs=3,아토머스,서울 강남구
[INEEJI] (주)인이지 AI 엔지니어 개발자 (전문연구요원 포함),/rc/clk?jk=a704ec4c6d498a0e&fccid=8a0714879bbe4b76&vjs=3,인이지,서울 서초구
[데브시스터즈] DevOps Engineer (신입),/rc/clk?jk=3058f7280a2e6644&fccid=58a9a803698a0afd&vjs=3,데브시스터즈,서울 강남구
음성 개발,/rc/clk?jk=f60407c6070bb515&fccid=89684d566fa8a7b9&vjs=3,코난테크놀로지,서울 서초구
[TEXTNET] AI 데이터 기반 NLP 모델러,/rc/clk?jk=e36054632357477e&fccid=0c6dc65eaa2bfc14&vjs=3,스피링크,서울 용산구
Data Analyst,/rc/clk?jk=792c24312b052c34&fccid=40d1e624121fa726&vjs=3,두잇,서울 관악구
Machine Learning Researcher (Computer Vision),/rc/clk?jk=488af8c351d5faf6&fccid=edae4285faf6c2f0&vjs=3,BOEING,서울
Build Engineer,/rc/clk?jk=8b283a6e59824f23&fccid=3cb1f6ea0be8448b&vjs=3,Sonatus,서울
개발자 - Python 서버 프로그램 개발,/rc/clk?jk=4cc15c26097421c5&fccid=aef44811e748bebe&vjs=3,바인테크,서울 송파구
BackEnd 개발자 - Django,/rc/clk?jk=b2de8b0515e0342d&fccid=d36b44d619c311c4&vjs=3,트레이디,서울 금천구
Software Researcher,/rc/clk?jk=ebedb4f31d73fcda&fccid=5426751914bc03f8&vjs=3,디사일로,서울 서초구
머신러닝 개발자,/rc/clk?jk=ea9e2a003ba1a290&fccid=d36b44d619c311c4&vjs=3,트레이디,서울 금천구
[그리팅] 백엔드 엔지니어(BackOffice) (연계형 인턴),/rc/clk?jk=bdc2a1d822ad149c&fccid=6f5ff74d22f3849e&vjs=3,두들린,서울 강남구
[데브툴즈] Front end 개발자,/rc/clk?jk=a76e48ed8883b9b5&fccid=ad60a0632f3f3e71&vjs=3,데브툴즈,안양 동안구
[전액무료] LLM 활용 인공지능(NLP) 서비스 개발자 양성과정,/rc/clk?jk=0f7cbfb6a343fa5b&fccid=eb74805cb9fd733e&vjs=3,솔트룩스,서울
(인천 송도) 인공지능(AI)분야 Python 개발 인력 구인,/rc/clk?jk=c0fb9320f68bb3e7&fccid=2f6f10515ebbc33c&vjs=3,주식회사 애나 관심기업,인천 송도동
Data Engineer (Mid/Senior),/rc/clk?jk=e7ba3bf45f0579e0&fccid=123c27d0e168151d&vjs=3,Calhoun International LLC,경기도 평택
Computer Vision Engineer Visual SLAM,/rc/clk?jk=bc860e02d07ffefd&fccid=1cb18707752a948e&vjs=3,뉴빌리티,서울 성동구
중소벤처기업연구원 (서울 동작구/ 연구직(R1)1명 전문직(R2) 1명) 파견X,/rc/clk?jk=f62e676f76b63f70&fccid=f3a62a0c0fd57b48&vjs=3,커리어넷,서울 동작구
++렉스코드 백엔드 개발자 ++,/rc/clk?jk=9121c5aa8075bfa3&fccid=005cc3e287692b67&vjs=3,렉스코드,서울 서초구
서울ICT이노베이션스퀘어 인공지능 무료교육,/rc/clk?jk=4305bc955023aeb7&fccid=21e7cb4036a655e0&vjs=3,한국정보기술서비스산업협회,서울
[KR] Solutions Engineer TikTok Ads,/rc/clk?jk=e859aef236922ced&fccid=caed318a9335aac0&vjs=3,TikTok,서울
[KIS자산평가] 각 부문별 신입/경력,/rc/clk?jk=78d806706bcf8039&fccid=50e8aec529f867e7&vjs=3,키스자산평가,서울 영등포구
강화학습 개발자 (디지털 트윈),/rc/clk?jk=c08f72e1133f1385&fccid=89684d566fa8a7b9&vjs=3,코난테크놀로지,서울 서초구
[코리아교육그룹]Python / JAVA / C언어/ C# / C++ 강사 중,/rc/clk?jk=f4aa3759d608d254&fccid=4aba802670ed5334&vjs=3,에스씨에이아카데미혜화,서울
[선행기술원] 시계열 AI 모델 및 온라인 학습 기술 개발[책임연구원],/rc/clk?jk=6b5c27f06e497a8b&fccid=980d6ecc399a3373&vjs=3,현대자동차그룹,성남 판교역
SW Developer,/rc/clk?jk=d347bdfa228e41c0&fccid=82656d64a9a3e6a7&vjs=3,Ericsson,서울
Robotics Engineer [AI Perception][연구원 책임연구원],/rc/clk?jk=72cc31b4ce2e0652&fccid=980d6ecc399a3373&vjs=3,현대자동차그룹,대한민국
Data Scientist,/rc/clk?jk=0d0872c5582aa229&fccid=edae4285faf6c2f0&vjs=3,BOEING,서울
Data Analytics/Engineering 신입사원 채용,/rc/clk?jk=78be1c05db61224b&fccid=36b9d5dbe99227ff&vjs=3,SK CC,성남 정자동
디지털 포렌식 정규전환형 인턴,/rc/clk?jk=ebb8d253418bdac5&fccid=1544766d4c2915b0&vjs=3,EY,서울 영등포구
제품개발 담당자,/rc/clk?jk=84e5dfc8d9c2faa2&fccid=5b75f6fe03a2a7fd&vjs=3,코리아스펙트랄프로덕츠,서울 구로구
SK플래닛 T아카데미 ASAC 4기 교육생 [빅데이터 분석/ 웹풀스택 개발],/rc/clk?jk=d9f39c24a30388d2&fccid=c29e5daceb008fd3&vjs=3,SK플래닛 Tacademy,서울 마포구
Python 분석 인원 정규직 채용,/rc/clk?jk=5e761f105a377ae8&fccid=307824036b9dcb17&vjs=3,(주)스마트모빌러티 관심기업,서울 휘경동
자율 주행 로봇 SW 개발자,/rc/clk?jk=e30fe92d72ceb17c&fccid=5cc87f5890bd7170&vjs=3,에바,성남 수정구
Python 서버 어플리케이션 개발자,/rc/clk?jk=8a7c4886df34e482&fccid=aef44811e748bebe&vjs=3,바인테크,서울 송파구
다이렉트인덱싱 솔루션(서비스 백엔드/ 웹 프론트엔드 (~10/31),/rc/clk?jk=6030a2d74688ff0f&fccid=846186c5b49d7bef&vjs=3,KB자산운용,서울 영등포구
OpenCV/MATLAB/TensorFlow/Python/C/C++/Linux 알고리즘 엔지니어,/rc/clk?jk=c67fae56cc560c24&fccid=f401a9b533c97602&vjs=3,더마미러,서울 서초구
SQL Python 기반 Data Engineer(경력직) 채용,/rc/clk?jk=1720b452301b54aa&fccid=4c458be029af0a85&vjs=3,파인트리파트너스 주식회사 관심기업,서울 도화동
ML/DL Data Scientist[경력],/rc/clk?jk=80d4df92bd3b714e&fccid=980d6ecc399a3373&vjs=3,현대자동차그룹,서울 여의도
[헤드헌팅/] 백엔드 DB 개발자,/rc/clk?jk=61cef10b61063680&fccid=ecfe8aacf2a0164c&vjs=3,리플라이랩,서울 중구
