이미지,이름,주소
https://cr.shopping.naver.com/adcr.nhn?x=vmi4ea071jYblKyoOkR7tf%2F%2F%2Fw%3D%3DsAy7kiz4iswgbcxX8NS0Y0yPKnvyP3b%2FnikbLWVL153ATxFccNvW9DGninDJdIXMkKWTcpYu2PEWJ4Ji%2BGQxFuZ5YcQLxyHAXZLWf4XhC5%2BQzfcLsC0yrpSMKiXq0V55af18yJWFi3T3r44vMOdFIWt9%2BKy%2Fm0d%2BgYWHtEf61Jo5CNclKwvLyA%2Fys%2F%2FHPPajLfjx6NhfiRK4CjujZvGvZXGNmcbgLr0lu2cCLGgyX7c9vsepmwRk8o%2FCB4DgHhnjVBoSNBWQ9t%2FD7vCuf%2FoCngquKWQN4b7WstTXVRp4V%2Fd2Kx7G3krbJiQXzryuwwOqJ84y1P47wMthFvToN4Y33xo7c8wWUwh9bRN%2BzNtcc2cNKjRp2D9pkBhcJdqPQCXkTPCSdYguVaDFJnkxE0coFUSaExMBafNywg05WFE%2Bc%2F2sLSv5SYzis5SVdiBAX6a8RSEzECYuURVImr20wmJ5xY0%2Fmx5RH6CT9%2B2RqjK18py3PfYjugjf27y6TRIABNGFo6iZuiVHH91oErhyu7ifOU2B7FqN7qWkb%2B46UJiAgvpKUy967mlSa3mZfqZTLi6DqtpPgQUBBobxKZazoVaQIhkUGUbTe3v2%2FzS2pZaMxa2xXc50eBITwugSNPH3Ok09sVpGw61BSdoQRvEGgfFlc5w%3D%3D&nvMid=42617437619&catId=50001519,아이폰 15 프로 256GB [ 자급제 ],"1,615,000"
https://cr.shopping.naver.com/adcr.nhn?x=lhU%2BI3HdacwrfXFznhSA1P%2F%2F%2Fw%3D%3DspFmH2J3C4OvpchRkEUKi1JtiFxr2I%2Fn2ki8ZJZbxC2mFS6CHdsg7eoowxAxehdpe4qYSseBc559eIqUfxQ7Tk73qix9c9uGga8SvKdB4dGt8V7uHFsCgKdHcPVrLJF9jTzqpC428oofmAo2gl0i6xFVd6Z%2BmZ5fvTALbBBPmfKK7pUDBfNb2nYd%2BaJ0gKm2N0e0VtpnvfhatHBkOXUasqjMYBx1AVSExF%2FJDG79qxZoq3OeoW1q1HMWiIchZUPKbS2fvKaV44w6Lvgo6sgLt80Pg%2F6PYJW9LpCSumzPJoigK7CtQzZWLlur1%2FFge4%2BEp0rY3kjZzSksl%2BMitHoY%2FEj1nRJ4yoQ1ByXgZXYF4asUr3wpohlrhUETRXnCpgZJOPSOeAVWbRW%2FG9F%2B3EnZX%2BQp3GmZH8572EBGDELnqRN19jr8eNdNYNsPM9vHnSTJRcs0QAWzDAYmOaRuf%2FZ9JvXoW1aDhGdJ3xRUO%2BAdBFaeE4FQdvRmo7oxOSvwywmch%2BC%2F0u3q2YryBFA0UhLX5J%2FodEWJIE8nffmmnEFn6w1wNauEcRynSn%2F8orOK7nc90UKx0wYPIydwPHuMdgpXv%2F02jGJ3Av1KZLXQzjLHuI%2FqFbDf4gHI5rSMJU1BWcIOg&nvMid=42616990623&catId=50001519,아이폰 15 프로 128GB [ 자급제 ],"1,472,500"
https://cr.shopping.naver.com/adcr.nhn?x=k9iIq8ZVFKmw%2BJ87h25HWv%2F%2F%2Fw%3D%3DsF5Vn%2BSoFNGFId1wkWGkS0hagojZD6c1maTbpDW0eBkrO%2FDWlTF6nNgNIx5PjVlWaBbeE7oOBlHhMEMYGf7lEpiXRusJYFiqWcSep%2FEIdbZ2AGIcOisGPmn6HyEuU%2B1ijx5zpJ82St9zD4JeS%2B%2FYCV8v%2BjB2erv%2BZ%2Brrs5VHOiTQgGE7%2BZatKjf5hEf1XctkKmh110bEGxqoTv4nb%2FybhZZbkCnZt3PKDnGtnPfTpWXUcKlvnI%2BcrXh44xDZyoRd2w6ZW1Ls0pIs2Ds1enrDqRqsJF1TG8DXvuOXRWh2aiSE1QmeK3ZPITzKHcbEnR%2BI8OgqKor2tSgZIIpdqQl0UhgOHf6CblHPBdYiya8QUUXrYe9CsbWrnsboog%2B94RL%2FIlJmzKaD%2Ff5VRF2cbq%2BwVZXw644bL9NA6sPWs92IrdCBFx37WIyrziE4Ps6WrDu%2FEltD04oYBoizrDJfhhXnqKKcbU4GzPPs4GKavqvlbmrctyoSE6KxzK06m1%2BHQP34CS8WR%2F33aKCFV3eC5TQWapl7o4D6ZDfhcRHJxmt%2BJTfcSzxwVRNV%2FYRemZK5z1sCE%2BOiRaeTDB0QEVUMJJNbRr%2BYiNxe1YyILGME3g1zl2FhB0CIl3BeKsFF2drF%2B%2BsFv&nvMid=42616882618&catId=50001519,아이폰 15 128GB [ 자급제 ],"1,199,990"
https://cr.shopping.naver.com/adcr.nhn?x=RvqMZz6xepsdkj%2Fd6%2BRWbP%2F%2F%2Fw%3D%3Dsj%2BwH6BnX0IS7a7fl4SrhG9M4sSEB8unRSjNxB0UnCLbO%2FDWlTF6nNgNIx5PjVlWaCU6ZA3Agx7HJQMZo6s0gXCXRusJYFiqWcSep%2FEIdbZ2AGIcOisGPmn6HyEuU%2B1ijx5zpJ82St9zD4JeS%2B%2FYCV8v%2BjB2erv%2BZ%2Brrs5VHOiTQgGE7%2BZatKjf5hEf1XctkKaPvC6wbTx0JIyZiwSD8XyJbkCnZt3PKDnGtnPfTpWXUcKlvnI%2BcrXh44xDZyoRd2w6ZW1Ls0pIs2Ds1enrDqRqsJF1TG8DXvuOXRWh2aiSE1QmeK3ZPITzKHcbEnR%2BI81KJWBNPQWEuZ9TflNr27lkKvd%2F5yg9YuXanxxzNdGLzYe9CsbWrnsboog%2B94RL%2FIlJmzKaD%2Ff5VRF2cbq%2BwVZb8wIJJV9wF0w%2FCmcYBtcbpFx37WIyrziE4Ps6WrDu%2FElEFg6HxIT86GWIkhe0o6a6cbU4GzPPs4GKavqvlbmrctyoSE6KxzK06m1%2BHQP34CHaczSUvMASiC1fIlarOb43jjbv6Pz5JwN8knh6DGv%2B4SzxwVRNV%2FYRemZK5z1sCEMI5I6kGRxyyVlfwBq3FVA4EAj%2F2xBE7YCb1r5FMH%2Br1B0CIl3BeKsFF2drF%2B%2BsFv&nvMid=42616882619&catId=50001519,아이폰 15 256GB [ 자급제 ],"1,343,990"
https://cr.shopping.naver.com/adcr.nhn?x=rCT7GsoDf1kRuCnlu6dx6v%2F%2F%2Fw%3D%3Ds6qhuYF7nE%2F50CK%2BjpHAZA1RIXAa3YbPF6DWd7sRwxNbO%2FDWlTF6nNgNIx5PjVlWaepnaeimZwIpc5BM9oC5gtyXRusJYFiqWcSep%2FEIdbZ2AGIcOisGPmn6HyEuU%2B1ijx5zpJ82St9zD4JeS%2B%2FYCV8v%2BjB2erv%2BZ%2Brrs5VHOiTQgGE7%2BZatKjf5hEf1XctkK530MKzTT0bt1cs4HcJvuqZbkCnZt3PKDnGtnPfTpWXUcKlvnI%2BcrXh44xDZyoRd2w6ZW1Ls0pIs2Ds1enrDqRqsJF1TG8DXvuOXRWh2aiSE1QmeK3ZPITzKHcbEnR%2BI8lHuxnq3y3s8ut19%2B8H9xWRZFIzayfgcrgjdNCHb48CDYe9CsbWrnsboog%2B94RL%2FI%2FMZxmY%2FcHfpBIzx9T%2BzRWXw644bL9NA6sPWs92IrdCBFx37WIyrziE4Ps6WrDu%2FEcgNZaPdwxhQtlbjGk2v%2B8bdMPLR1efvI9K2nwPpa4UPPfYjugjf27y6TRIABNGFo6iZuiVHH91oErhyu7ifOU%2B4q11kmCh9QfanRc3E%2BbRKUy967mlSa3mZfqZTLi6DqB%2FCJVtjRZrSQoTus1H9DXGSu14Gp4RPAWXNU4Phd6DNXc50eBITwugSNPH3Ok09sVpGw61BSdoQRvEGgfFlc5w%3D%3D&nvMid=42617321618&catId=50001519,아이폰 15 플러스 256GB [ 자급제 ],"1,440,000"
https://cr.shopping.naver.com/adcr.nhn?x=89odeU%2FnAWJIA2Va0HCSTf%2F%2F%2Fw%3D%3DsfL0K%2BhGrl%2FBOSdLrQ0WvcQ0T94p5brN1y4krSqhRkZSCKGgUbZcPwfOGUacqnAzpcYH8pCDPjcJYiupx%2FByotejiySF5hSR%2BbJtNcGv0bnegS9Jhp60EV67cyc2gfT4Hf9U9rpMod9pTAvYTaPX6MIZnlrSZr8PDPdBCvs8uWtdeJxHcKH4rYUhc5SxvGs%2FQ7BqZpjLkht0H%2Fy5%2BKyh6%2BiJO7jbxAC%2FhHJnJbE9pD225SET%2FmTh%2Bwr3iKnDGr9FRTq8DvI%2F5BX5%2Bv3vl3aadccbc%2FSKOx3ayKidpBuHowZXBz7%2BORHa%2BX777%2F5U82WuFRDpykpOqWZgZqWcBmVwRDdAdHc8SSxH5aXgPAknAWe86JIeyjRJJG8AQSjlBThBKVTSBZ3pxDa8oQq9W9PysINyVBGGOlgeM%2ByC7sb0RiUsiNvEAyH7XT6ObGe95mRdURNt6BEwHyD4hIgrsnZBM0tL2yaoxAGlqznjSfaC69RmQ3drnJkwNaEXpcA6ee93ihOBUHb0ZqO6MTkr8MsJnIaFkoisn1NxyAXRqZH7iqB507C4N2bAUYQAQ6MzhrY%2FFDWrhHEcp0p%2F%2FKKziu53PdPhuKPun5gkaK8ggjA32E%2BNpVvnoO3zyKLCeaJ35g5bPhWw3%2BIByOa0jCVNQVnCDoA%3D%3D&nvMid=42616374622&catId=50001519,아이폰 15 프로 맥스 256GB [ 자급제 ],"1,900,000"
https://cr.shopping.naver.com/adcr.nhn?x=Js%2F4h8G4eUsWVnjcpYqyYP%2F%2F%2Fw%3D%3DsU6WrBHtxFtHHNcJqpICfYatDxHPg8EoSOWORvgPmpWbO%2FDWlTF6nNgNIx5PjVlWacM8rZuUhOzyrhLpG897UjCXRusJYFiqWcSep%2FEIdbZ2AGIcOisGPmn6HyEuU%2B1ijx5zpJ82St9zD4JeS%2B%2FYCV8v%2BjB2erv%2BZ%2Brrs5VHOiTQgGE7%2BZatKjf5hEf1XctkKqJBRMLFp89U8riYzh4yYQ5bkCnZt3PKDnGtnPfTpWXUcKlvnI%2BcrXh44xDZyoRd2w6ZW1Ls0pIs2Ds1enrDqRqsJF1TG8DXvuOXRWh2aiSE1QmeK3ZPITzKHcbEnR%2BI8PILEYChMz9uL9Vaqr0bfd82tJ%2BD0DIY33xccgUu0nHrYe9CsbWrnsboog%2B94RL%2FIFGn4RmqcTDRD77PrIDl6XXw644bL9NA6sPWs92IrdCBFx37WIyrziE4Ps6WrDu%2FEZBpOcEuXTQhyfQnZ2Kx6jFbRcqdFLyJ4qOC%2BIzRXxMCKb0seGjrQ3N0oa9zOyy4o6Nr1NuH04I%2BQ5ueD7jMTg55SGN%2BIgWbu8psY2c%2Fc%2BeZRN64mBm9G8QruBkLDcHT6doQ5wu7xe2BI2GqhysjL9CwwURe38wMgyII%2BWLPfB8HNjqh%2FZemCCOboDhnweAmG&nvMid=42617440618&catId=50001519,아이폰 15 프로 512GB [ 자급제 ],"1,900,000"
https://cr.shopping.naver.com/adcr.nhn?x=P8a4CvcTZ6060WwbyrPHdP%2F%2F%2Fw%3D%3DsM2ydFeVX8ZBS8Z5g06Bxmo6Fe8qKtngq%2FpJASJYsYlyCKGgUbZcPwfOGUacqnAzpa97kpRSNAOwTwapzs8Tw8f31c%2FjSQrsia1FM9NKjLlOgS9Jhp60EV67cyc2gfT4Hf9U9rpMod9pTAvYTaPX6MIZnlrSZr8PDPdBCvs8uWtdeJxHcKH4rYUhc5SxvGs%2FQ7yqU95y2%2FbTUNAfnCKK55CJO7jbxAC%2FhHJnJbE9pD225SET%2FmTh%2Bwr3iKnDGr9FRTq8DvI%2F5BX5%2Bv3vl3aadccbc%2FSKOx3ayKidpBuHowZXBz7%2BORHa%2BX777%2F5U82WuFRDpykpOqWZgZqWcBmVwRDSU%2Fqgnv7GARONCvM8mTIxk6JIeyjRJJG8AQSjlBThBKVTSBZ3pxDa8oQq9W9PysIKvLpt0NR8lDVYwq1%2FlpLu8iNvEAyH7XT6ObGe95mRdURNt6BEwHyD4hIgrsnZBM0sSbI7vragnTOKzm6KzLxKinG1OBszz7OBimr6r5W5q3LcqEhOiscytOptfh0D9%2BAmo2ss8deBWpy7EGEQAUXnfQXsFmV%2FyPGmQU9RknXr0ZEs8cFUTVf2EXpmSuc9bAhNqSvazGjnTHYTO9GQeiI9PmIjcXtWMiCxjBN4Nc5dhYQdAiJdwXirBRdnaxfvrBbw%3D%3D&nvMid=42617272618&catId=50001519,아이폰 15 플러스 128GB [ 자급제 ],"1,350,000"
https://cr.shopping.naver.com/adcr.nhn?x=Ss3%2BeoMJ7vhlLzFSIoCR9v%2F%2F%2Fw%3D%3Ds3S0IsuyB3S6wi2sPZ%2BCVg492VH0QTYQTeYM6J0udeOcTxFccNvW9DGninDJdIXMkYr6Fatw3jZ6XZeOItoMIqp5YcQLxyHAXZLWf4XhC5%2BQzfcLsC0yrpSMKiXq0V55af18yJWFi3T3r44vMOdFIWt9%2BKy%2Fm0d%2BgYWHtEf61Jo5CNclKwvLyA%2Fys%2F%2FHPPajLGWvsc0OnQWaNdMS%2BQGVQvmNmcbgLr0lu2cCLGgyX7c9vsepmwRk8o%2FCB4DgHhnjVBoSNBWQ9t%2FD7vCuf%2FoCngquKWQN4b7WstTXVRp4V%2Fd2Kx7G3krbJiQXzryuwwOqJhugIIHmboTfNOyg6i1N3uv%2F3k7m7Y2RpWHQBmJvBtPFKjRp2D9pkBhcJdqPQCXkTb1mNbYHtsEuX6riOaskmYp5yozrIGPgPu6P78nPbdT4LSv5SYzis5SVdiBAX6a8RSEzECYuURVImr20wmJ5xY0KLBap3kjYbJS2JknJPJQtGYWqvAvfcx5FuqFLRdSh1uwP9L0j7YvHB2OKNn2rLcE%2Bwg5Upe5fqZK%2FcYeqT01%2BDatlHjI3fQbzzz7T8v2VAEaThcwm2jOjlPe7qD4n46yWDeo850js0Lw2cewLM%2BEI9c7aE0yaSwcrhmcByrtsIHRyPBWbUFRhWScTsgQynPg%3D%3D&nvMid=42617635618&catId=50001519,아이폰 15 프로 맥스 512GB [ 자급제 ],"2,190,990"
https://cr.shopping.naver.com/adcr.nhn?x=25L6yXS2e9NafkxJzW8x%2Fv%2F%2F%2Fw%3D%3Dszlu3VOR5%2FxARd4R11Yn4dJsW5iC86difkmjQ3bPJW9QTxFccNvW9DGninDJdIXMk1dGNe%2FVUgPDq%2FcS36bNdfZ5YcQLxyHAXZLWf4XhC5%2BQzfcLsC0yrpSMKiXq0V55af18yJWFi3T3r44vMOdFIWt9%2BKy%2Fm0d%2BgYWHtEf61Jo5CNclKwvLyA%2Fys%2F%2FHPPajLjl6funYPpG0tx%2FUAvzMA6mNmcbgLr0lu2cCLGgyX7c9vsepmwRk8o%2FCB4DgHhnjVBoSNBWQ9t%2FD7vCuf%2FoCngquKWQN4b7WstTXVRp4V%2Fd2Kx7G3krbJiQXzryuwwOqJ%2BniNX6GefauQP%2BBYRtcras9K8WqGUtiQ71p9AbmgC7pKjRp2D9pkBhcJdqPQCXkTZsOJ6rTyJnf8Je9Z3Bm9hxEcocV0Rt6gj0m1Z6lapV0LSv5SYzis5SVdiBAX6a8RSEzECYuURVImr20wmJ5xY5gPqi9fqdNKvrUh5Ig4tyCE4FQdvRmo7oxOSvwywmchMs2tao1ASZ5xSeh8pNwkxQNAAosgXxlleL1hCZRuI76IDf9TYDOC4LzgCehLsur5CtZjqK2TYx4MA4WIKAh3hpGlZzPZYGHoafdDMZnu8U2FbDf4gHI5rSMJU1BWcIOg&nvMid=42616990629&catId=50000246,아이폰 15 프로 256GB [ SKT ],"815,990"
https://cr.shopping.naver.com/adcr.nhn?x=%2BBgL05ozbAikwzcU5n93ff%2F%2F%2Fw%3D%3DsOXmkq21H5iy%2B5bVZKwYzvPQncGRwpemi21023joo9jmCKGgUbZcPwfOGUacqnAzp0lS7m8Wh%2BPhy%2B3CWvBjxt%2BhbmIt7dalAsA6aAV3vmhugS9Jhp60EV67cyc2gfT4Hf9U9rpMod9pTAvYTaPX6MIZnlrSZr8PDPdBCvs8uWtdeJxHcKH4rYUhc5SxvGs%2FQ1ep57Ud4QkQTi22%2BYCyqLiJO7jbxAC%2FhHJnJbE9pD225SET%2FmTh%2Bwr3iKnDGr9FRTq8DvI%2F5BX5%2Bv3vl3aadccbc%2FSKOx3ayKidpBuHowZXBz7%2BORHa%2BX777%2F5U82WuFRDpykpOqWZgZqWcBmVwRDYRKnPgF4D%2FJLilQ5dFJhWI6JIeyjRJJG8AQSjlBThBKrWTVKXm0rzRWcK3FgMCUvgUInL%2BelRTB%2FS%2FkZlYFSkQiNvEAyH7XT6ObGe95mRdURNt6BEwHyD4hIgrsnZBM0tL2yaoxAGlqznjSfaC69RkSggr1k2pDp12bhYlVTjU6QbJE2qH6sAOiEA%2FCWTmW%2B7uUjDjpZVtlcQPy3nyjfioPX3u9w1lMrQwOKUeELO7rv4YGjJCSIW1IvBxXT1wG906sn22KREN%2FLdY3cyyAQAxjtEEnHZo%2B%2FVuCJHvsmHjrDVCYCaeglF2rgr1u2OQIzQ%3D%3D&nvMid=42617984618&catId=50000246,아이폰 15 프로 맥스 256GB [ SKT ],"992,890"
